{
  "original": 9.022450597113277,
  "generalized": 8.925130866245937,
  "randomized": 9.022771169793101,
  "tagged": 8.888247374316943,
  "supressed": 8.763817770540543
}